{
    "meter": "1SAG0000000000",
    "time": "250518211432",
    "energy": {
        "in_1": 14808.845703125,
        "in_2": 19642.892578125,
        "out_1": 12128.642578125,
        "out_2": 4594.6572265625
    },
    "power": {
        "in": 2.7990000247955322,
        "out": 0
    },
    "captar": {
        "actual": 2.8029999732971191,
        "month_max_value": 3.3029999732971191,
        "month_max_time": "250513201500"
    },
    "voltage": {
        "l1": 232.5,
        "l2": 0,
        "l3": 232.80000305175781
    },
    "gas": 3986.68603515625,
    "water": 0,
    "tariff": 0
}